Company Name,Symbol,Screener URL
360 ONE WAM Ltd.,360ONE,https://www.screener.in/company/360ONE/
3M India Ltd.,3MINDIA,https://www.screener.in/company/3MINDIA/
ABB India Ltd.,ABB,https://www.screener.in/company/ABB/
ACC Ltd.,ACC,https://www.screener.in/company/ACC/
ACME Solar Holdings Ltd.,ACMESOLAR,https://www.screener.in/company/ACMESOLAR/
AIA Engineering Ltd.,AIAENG,https://www.screener.in/company/AIAENG/
APL Apollo Tubes Ltd.,APLAPOLLO,https://www.screener.in/company/APLAPOLLO/
AU Small Finance Bank Ltd.,AUBANK,https://www.screener.in/company/AUBANK/
AWL Agri Business Ltd.,AWL,https://www.screener.in/company/AWL/
Aadhar Housing Finance Ltd.,AADHARHFC,https://www.screener.in/company/AADHARHFC/
Aarti Industries Ltd.,AARTIIND,https://www.screener.in/company/AARTIIND/
Aavas Financiers Ltd.,AAVAS,https://www.screener.in/company/AAVAS/
Abbott India Ltd.,ABBOTINDIA,https://www.screener.in/company/ABBOTINDIA/
Action Construction Equipment Ltd.,ACE,https://www.screener.in/company/ACE/
Acutaas Chemicals Ltd.,ACUTAAS,https://www.screener.in/company/ACUTAAS/
Adani Energy Solutions Ltd.,ADANIENSOL,https://www.screener.in/company/ADANIENSOL/
Adani Enterprises Ltd.,ADANIENT,https://www.screener.in/company/ADANIENT/
Adani Green Energy Ltd.,ADANIGREEN,https://www.screener.in/company/ADANIGREEN/
Adani Ports and Special Economic Zone Ltd.,ADANIPORTS,https://www.screener.in/company/ADANIPORTS/
Adani Power Ltd.,ADANIPOWER,https://www.screener.in/company/ADANIPOWER/
Adani Total Gas Ltd.,ATGL,https://www.screener.in/company/ATGL/
Aditya Birla Capital Ltd.,ABCAPITAL,https://www.screener.in/company/ABCAPITAL/
Aditya Birla Fashion and Retail Ltd.,ABFRL,https://www.screener.in/company/ABFRL/
Aditya Birla Lifestyle Brands Ltd.,ABLBL,https://www.screener.in/company/ABLBL/
Aditya Birla Real Estate Ltd.,ABREL,https://www.screener.in/company/ABREL/
Aditya Birla Sun Life AMC Ltd.,ABSLAMC,https://www.screener.in/company/ABSLAMC/
Aditya Infotech Ltd.,CPPLUS,https://www.screener.in/company/CPPLUS/
Aegis Logistics Ltd.,AEGISLOG,https://www.screener.in/company/AEGISLOG/
Aegis Vopak Terminals Ltd.,AEGISVOPAK,https://www.screener.in/company/AEGISVOPAK/
Afcons Infrastructure Ltd.,AFCONS,https://www.screener.in/company/AFCONS/
Affle 3i Ltd.,AFFLE,https://www.screener.in/company/AFFLE/
Ajanta Pharmaceuticals Ltd.,AJANTPHARM,https://www.screener.in/company/AJANTPHARM/
Alkem Laboratories Ltd.,ALKEM,https://www.screener.in/company/ALKEM/
Allied Blenders and Distillers Ltd.,ABDL,https://www.screener.in/company/ABDL/
Amara Raja Energy & Mobility Ltd.,ARE&M,https://www.screener.in/company/ARE&M/
Amber Enterprises India Ltd.,AMBER,https://www.screener.in/company/AMBER/
Ambuja Cements Ltd.,AMBUJACEM,https://www.screener.in/company/AMBUJACEM/
Anand Rathi Wealth Ltd.,ANANDRATHI,https://www.screener.in/company/ANANDRATHI/
Anant Raj Ltd.,ANANTRAJ,https://www.screener.in/company/ANANTRAJ/
Angel One Ltd.,ANGELONE,https://www.screener.in/company/ANGELONE/
Anthem Biosciences Ltd.,ANTHEM,https://www.screener.in/company/ANTHEM/
Anupam Rasayan India Ltd.,ANURAS,https://www.screener.in/company/ANURAS/
Apar Industries Ltd.,APARINDS,https://www.screener.in/company/APARINDS/
Apollo Hospitals Enterprise Ltd.,APOLLOHOSP,https://www.screener.in/company/APOLLOHOSP/
Apollo Tyres Ltd.,APOLLOTYRE,https://www.screener.in/company/APOLLOTYRE/
Aptus Value Housing Finance India Ltd.,APTUS,https://www.screener.in/company/APTUS/
Asahi India Glass Ltd.,ASAHIINDIA,https://www.screener.in/company/ASAHIINDIA/
Ashok Leyland Ltd.,ASHOKLEY,https://www.screener.in/company/ASHOKLEY/
Asian Paints Ltd.,ASIANPAINT,https://www.screener.in/company/ASIANPAINT/
Aster DM Healthcare Ltd.,ASTERDM,https://www.screener.in/company/ASTERDM/
Astral Ltd.,ASTRAL,https://www.screener.in/company/ASTRAL/
Ather Energy Ltd.,ATHERENERG,https://www.screener.in/company/ATHERENERG/
Atul Ltd.,ATUL,https://www.screener.in/company/ATUL/
Aurobindo Pharma Ltd.,AUROPHARMA,https://www.screener.in/company/AUROPHARMA/
Authum Investment & Infrastructure Ltd.,AIIL,https://www.screener.in/company/AIIL/
Avenue Supermarts Ltd.,DMART,https://www.screener.in/company/DMART/
Axis Bank Ltd.,AXISBANK,https://www.screener.in/company/AXISBANK/
BEML Ltd.,BEML,https://www.screener.in/company/BEML/
BLS International Services Ltd.,BLS,https://www.screener.in/company/BLS/
BSE Ltd.,BSE,https://www.screener.in/company/BSE/
Bajaj Auto Ltd.,BAJAJ-AUTO,https://www.screener.in/company/BAJAJ-AUTO/
Bajaj Finance Ltd.,BAJFINANCE,https://www.screener.in/company/BAJFINANCE/
Bajaj Finserv Ltd.,BAJAJFINSV,https://www.screener.in/company/BAJAJFINSV/
Bajaj Holdings & Investment Ltd.,BAJAJHLDNG,https://www.screener.in/company/BAJAJHLDNG/
Bajaj Housing Finance Ltd.,BAJAJHFL,https://www.screener.in/company/BAJAJHFL/
Balkrishna Industries Ltd.,BALKRISIND,https://www.screener.in/company/BALKRISIND/
Balrampur Chini Mills Ltd.,BALRAMCHIN,https://www.screener.in/company/BALRAMCHIN/
Bandhan Bank Ltd.,BANDHANBNK,https://www.screener.in/company/BANDHANBNK/
Bank of Baroda,BANKBARODA,https://www.screener.in/company/BANKBARODA/
Bank of India,BANKINDIA,https://www.screener.in/company/BANKINDIA/
Bank of Maharashtra,MAHABANK,https://www.screener.in/company/MAHABANK/
Bata India Ltd.,BATAINDIA,https://www.screener.in/company/BATAINDIA/
Bayer Cropscience Ltd.,BAYERCROP,https://www.screener.in/company/BAYERCROP/
Belrise Industries Ltd.,BELRISE,https://www.screener.in/company/BELRISE/
Berger Paints India Ltd.,BERGEPAINT,https://www.screener.in/company/BERGEPAINT/
Bharat Dynamics Ltd.,BDL,https://www.screener.in/company/BDL/
Bharat Electronics Ltd.,BEL,https://www.screener.in/company/BEL/
Bharat Forge Ltd.,BHARATFORG,https://www.screener.in/company/BHARATFORG/
Bharat Heavy Electricals Ltd.,BHEL,https://www.screener.in/company/BHEL/
Bharat Petroleum Corporation Ltd.,BPCL,https://www.screener.in/company/BPCL/
Bharti Airtel Ltd.,BHARTIARTL,https://www.screener.in/company/BHARTIARTL/
Bharti Hexacom Ltd.,BHARTIHEXA,https://www.screener.in/company/BHARTIHEXA/
Bikaji Foods International Ltd.,BIKAJI,https://www.screener.in/company/BIKAJI/
Billionbrains Garage Ventures Ltd.,GROWW,https://www.screener.in/company/GROWW/
Biocon Ltd.,BIOCON,https://www.screener.in/company/BIOCON/
Birlasoft Ltd.,BSOFT,https://www.screener.in/company/BSOFT/
Blue Dart Express Ltd.,BLUEDART,https://www.screener.in/company/BLUEDART/
Blue Jet Healthcare Ltd.,BLUEJET,https://www.screener.in/company/BLUEJET/
Blue Star Ltd.,BLUESTARCO,https://www.screener.in/company/BLUESTARCO/
Bombay Burmah Trading Corporation Ltd.,BBTC,https://www.screener.in/company/BBTC/
Bosch Ltd.,BOSCHLTD,https://www.screener.in/company/BOSCHLTD/
Brainbees Solutions Ltd.,FIRSTCRY,https://www.screener.in/company/FIRSTCRY/
Brigade Enterprises Ltd.,BRIGADE,https://www.screener.in/company/BRIGADE/
Britannia Industries Ltd.,BRITANNIA,https://www.screener.in/company/BRITANNIA/
C.E. Info Systems Ltd.,MAPMYINDIA,https://www.screener.in/company/MAPMYINDIA/
CCL Products (I) Ltd.,CCL,https://www.screener.in/company/CCL/
CESC Ltd.,CESC,https://www.screener.in/company/CESC/
CG Power and Industrial Solutions Ltd.,CGPOWER,https://www.screener.in/company/CGPOWER/
CIE Automotive India Ltd.,CIEINDIA,https://www.screener.in/company/CIEINDIA/
CRISIL Ltd.,CRISIL,https://www.screener.in/company/CRISIL/
Can Fin Homes Ltd.,CANFINHOME,https://www.screener.in/company/CANFINHOME/
Canara Bank,CANBK,https://www.screener.in/company/CANBK/
Canara HSBC Life Insurance Company Ltd.,CANHLIFE,https://www.screener.in/company/CANHLIFE/
Caplin Point Laboratories Ltd.,CAPLIPOINT,https://www.screener.in/company/CAPLIPOINT/
Capri Global Capital Ltd.,CGCL,https://www.screener.in/company/CGCL/
Carborundum Universal Ltd.,CARBORUNIV,https://www.screener.in/company/CARBORUNIV/
Cartrade Tech Ltd.,CARTRADE,https://www.screener.in/company/CARTRADE/
Castrol India Ltd.,CASTROLIND,https://www.screener.in/company/CASTROLIND/
Ceat Ltd.,CEATLTD,https://www.screener.in/company/CEATLTD/
Cemindia Projects Ltd.,CEMPRO,https://www.screener.in/company/CEMPRO/
Central Bank of India,CENTRALBK,https://www.screener.in/company/CENTRALBK/
Central Depository Services (India) Ltd.,CDSL,https://www.screener.in/company/CDSL/
Chalet Hotels Ltd.,CHALET,https://www.screener.in/company/CHALET/
Chambal Fertilizers & Chemicals Ltd.,CHAMBLFERT,https://www.screener.in/company/CHAMBLFERT/
Chennai Petroleum Corporation Ltd.,CHENNPETRO,https://www.screener.in/company/CHENNPETRO/
Choice International Ltd.,CHOICEIN,https://www.screener.in/company/CHOICEIN/
Cholamandalam Financial Holdings Ltd.,CHOLAHLDNG,https://www.screener.in/company/CHOLAHLDNG/
Cholamandalam Investment and Finance Company Ltd.,CHOLAFIN,https://www.screener.in/company/CHOLAFIN/
Cipla Ltd.,CIPLA,https://www.screener.in/company/CIPLA/
City Union Bank Ltd.,CUB,https://www.screener.in/company/CUB/
Clean Science and Technology Ltd.,CLEAN,https://www.screener.in/company/CLEAN/
Coal India Ltd.,COALINDIA,https://www.screener.in/company/COALINDIA/
Cochin Shipyard Ltd.,COCHINSHIP,https://www.screener.in/company/COCHINSHIP/
Coforge Ltd.,COFORGE,https://www.screener.in/company/COFORGE/
Cohance Lifesciences Ltd.,COHANCE,https://www.screener.in/company/COHANCE/
Colgate Palmolive (India) Ltd.,COLPAL,https://www.screener.in/company/COLPAL/
Computer Age Management Services Ltd.,CAMS,https://www.screener.in/company/CAMS/
Concord Biotech Ltd.,CONCORDBIO,https://www.screener.in/company/CONCORDBIO/
Container Corporation of India Ltd.,CONCOR,https://www.screener.in/company/CONCOR/
Coromandel International Ltd.,COROMANDEL,https://www.screener.in/company/COROMANDEL/
Craftsman Automation Ltd.,CRAFTSMAN,https://www.screener.in/company/CRAFTSMAN/
CreditAccess Grameen Ltd.,CREDITACC,https://www.screener.in/company/CREDITACC/
Crompton Greaves Consumer Electricals Ltd.,CROMPTON,https://www.screener.in/company/CROMPTON/
Cummins India Ltd.,CUMMINSIND,https://www.screener.in/company/CUMMINSIND/
Cyient Ltd.,CYIENT,https://www.screener.in/company/CYIENT/
DCM Shriram Ltd.,DCMSHRIRAM,https://www.screener.in/company/DCMSHRIRAM/
DLF Ltd.,DLF,https://www.screener.in/company/DLF/
DOMS Industries Ltd.,DOMS,https://www.screener.in/company/DOMS/
Dabur India Ltd.,DABUR,https://www.screener.in/company/DABUR/
Dalmia Bharat Ltd.,DALBHARAT,https://www.screener.in/company/DALBHARAT/
Data Patterns (India) Ltd.,DATAPATTNS,https://www.screener.in/company/DATAPATTNS/
Deepak Fertilisers & Petrochemicals Corp. Ltd.,DEEPAKFERT,https://www.screener.in/company/DEEPAKFERT/
Deepak Nitrite Ltd.,DEEPAKNTR,https://www.screener.in/company/DEEPAKNTR/
Delhivery Ltd.,DELHIVERY,https://www.screener.in/company/DELHIVERY/
Devyani International Ltd.,DEVYANI,https://www.screener.in/company/DEVYANI/
Divi's Laboratories Ltd.,DIVISLAB,https://www.screener.in/company/DIVISLAB/
Dixon Technologies (India) Ltd.,DIXON,https://www.screener.in/company/DIXON/
Dr. Lal Path Labs Ltd.,LALPATHLAB,https://www.screener.in/company/LALPATHLAB/
Dr. Reddy's Laboratories Ltd.,DRREDDY,https://www.screener.in/company/DRREDDY/
E.I.D. Parry (India) Ltd.,EIDPARRY,https://www.screener.in/company/EIDPARRY/
EIH Ltd.,EIHOTEL,https://www.screener.in/company/EIHOTEL/
Eicher Motors Ltd.,EICHERMOT,https://www.screener.in/company/EICHERMOT/
Elecon Engineering Co. Ltd.,ELECON,https://www.screener.in/company/ELECON/
Elgi Equipments Ltd.,ELGIEQUIP,https://www.screener.in/company/ELGIEQUIP/
Emami Ltd.,EMAMILTD,https://www.screener.in/company/EMAMILTD/
Emcure Pharmaceuticals Ltd.,EMCURE,https://www.screener.in/company/EMCURE/
Emmvee Photovoltaic Power Ltd.,EMMVEE,https://www.screener.in/company/EMMVEE/
Endurance Technologies Ltd.,ENDURANCE,https://www.screener.in/company/ENDURANCE/
Engineers India Ltd.,ENGINERSIN,https://www.screener.in/company/ENGINERSIN/
Eris Lifesciences Ltd.,ERIS,https://www.screener.in/company/ERIS/
Escorts Kubota Ltd.,ESCORTS,https://www.screener.in/company/ESCORTS/
Eternal Ltd.,ETERNAL,https://www.screener.in/company/ETERNAL/
Exide Industries Ltd.,EXIDEIND,https://www.screener.in/company/EXIDEIND/
FSN E-Commerce Ventures Ltd.,NYKAA,https://www.screener.in/company/NYKAA/
Federal Bank Ltd.,FEDERALBNK,https://www.screener.in/company/FEDERALBNK/
Fertilisers and Chemicals Travancore Ltd.,FACT,https://www.screener.in/company/FACT/
Finolex Cables Ltd.,FINCABLES,https://www.screener.in/company/FINCABLES/
Firstsource Solutions Ltd.,FSL,https://www.screener.in/company/FSL/
Five-Star Business Finance Ltd.,FIVESTAR,https://www.screener.in/company/FIVESTAR/
Force Motors Ltd.,FORCEMOT,https://www.screener.in/company/FORCEMOT/
Fortis Healthcare Ltd.,FORTIS,https://www.screener.in/company/FORTIS/
GAIL (India) Ltd.,GAIL,https://www.screener.in/company/GAIL/
GE Vernova T&D India Ltd.,GVT&D,https://www.screener.in/company/GVT&D/
GMR Airports Ltd.,GMRAIRPORT,https://www.screener.in/company/GMRAIRPORT/
Gabriel India Ltd.,GABRIEL,https://www.screener.in/company/GABRIEL/
Gallantt Ispat Ltd.,GALLANTT,https://www.screener.in/company/GALLANTT/
Garden Reach Shipbuilders & Engineers Ltd.,GRSE,https://www.screener.in/company/GRSE/
General Insurance Corporation of India,GICRE,https://www.screener.in/company/GICRE/
Gillette India Ltd.,GILLETTE,https://www.screener.in/company/GILLETTE/
Gland Pharma Ltd.,GLAND,https://www.screener.in/company/GLAND/
Glaxosmithkline Pharmaceuticals Ltd.,GLAXO,https://www.screener.in/company/GLAXO/
Glenmark Pharmaceuticals Ltd.,GLENMARK,https://www.screener.in/company/GLENMARK/
Global Health Ltd.,MEDANTA,https://www.screener.in/company/MEDANTA/
Go Digit General Insurance Ltd.,GODIGIT,https://www.screener.in/company/GODIGIT/
Godawari Power & Ispat Ltd.,GPIL,https://www.screener.in/company/GPIL/
Godfrey Phillips India Ltd.,GODFRYPHLP,https://www.screener.in/company/GODFRYPHLP/
Godrej Consumer Products Ltd.,GODREJCP,https://www.screener.in/company/GODREJCP/
Godrej Industries Ltd.,GODREJIND,https://www.screener.in/company/GODREJIND/
Godrej Properties Ltd.,GODREJPROP,https://www.screener.in/company/GODREJPROP/
Granules India Ltd.,GRANULES,https://www.screener.in/company/GRANULES/
Graphite India Ltd.,GRAPHITE,https://www.screener.in/company/GRAPHITE/
Grasim Industries Ltd.,GRASIM,https://www.screener.in/company/GRASIM/
Gravita India Ltd.,GRAVITA,https://www.screener.in/company/GRAVITA/
Great Eastern Shipping Co. Ltd.,GESHIP,https://www.screener.in/company/GESHIP/
Gujarat Fluorochemicals Ltd.,FLUOROCHEM,https://www.screener.in/company/FLUOROCHEM/
Gujarat Mineral Development Corporation Ltd.,GMDCLTD,https://www.screener.in/company/GMDCLTD/
H.E.G. Ltd.,HEG,https://www.screener.in/company/HEG/
HBL Engineering Ltd.,HBLENGINE,https://www.screener.in/company/HBLENGINE/
HCL Technologies Ltd.,HCLTECH,https://www.screener.in/company/HCLTECH/
HDB Financial Services Ltd.,HDBFS,https://www.screener.in/company/HDBFS/
HDFC Asset Management Company Ltd.,HDFCAMC,https://www.screener.in/company/HDFCAMC/
HDFC Bank Ltd.,HDFCBANK,https://www.screener.in/company/HDFCBANK/
HDFC Life Insurance Company Ltd.,HDFCLIFE,https://www.screener.in/company/HDFCLIFE/
HFCL Ltd.,HFCL,https://www.screener.in/company/HFCL/
Havells India Ltd.,HAVELLS,https://www.screener.in/company/HAVELLS/
Hero MotoCorp Ltd.,HEROMOTOCO,https://www.screener.in/company/HEROMOTOCO/
Hexaware Technologies Ltd.,HEXT,https://www.screener.in/company/HEXT/
Himadri Speciality Chemical Ltd.,HSCL,https://www.screener.in/company/HSCL/
Hindalco Industries Ltd.,HINDALCO,https://www.screener.in/company/HINDALCO/
Hindustan Aeronautics Ltd.,HAL,https://www.screener.in/company/HAL/
Hindustan Copper Ltd.,HINDCOPPER,https://www.screener.in/company/HINDCOPPER/
Hindustan Petroleum Corporation Ltd.,HINDPETRO,https://www.screener.in/company/HINDPETRO/
Hindustan Unilever Ltd.,HINDUNILVR,https://www.screener.in/company/HINDUNILVR/
Hindustan Zinc Ltd.,HINDZINC,https://www.screener.in/company/HINDZINC/
Hitachi Energy India Ltd.,POWERINDIA,https://www.screener.in/company/POWERINDIA/
Home First Finance Company India Ltd.,HOMEFIRST,https://www.screener.in/company/HOMEFIRST/
Honasa Consumer Ltd.,HONASA,https://www.screener.in/company/HONASA/
Honeywell Automation India Ltd.,HONAUT,https://www.screener.in/company/HONAUT/
Housing & Urban Development Corporation Ltd.,HUDCO,https://www.screener.in/company/HUDCO/
Hyundai Motor India Ltd.,HYUNDAI,https://www.screener.in/company/HYUNDAI/
ICICI Bank Ltd.,ICICIBANK,https://www.screener.in/company/ICICIBANK/
ICICI Lombard General Insurance Company Ltd.,ICICIGI,https://www.screener.in/company/ICICIGI/
ICICI Prudential Asset Management Company Ltd.,ICICIAMC,https://www.screener.in/company/ICICIAMC/
ICICI Prudential Life Insurance Company Ltd.,ICICIPRULI,https://www.screener.in/company/ICICIPRULI/
IDBI Bank Ltd.,IDBI,https://www.screener.in/company/IDBI/
IDFC First Bank Ltd.,IDFCFIRSTB,https://www.screener.in/company/IDFCFIRSTB/
IFCI Ltd.,IFCI,https://www.screener.in/company/IFCI/
IIFL Finance Ltd.,IIFL,https://www.screener.in/company/IIFL/
IRB Infrastructure Developers Ltd.,IRB,https://www.screener.in/company/IRB/
IRCON International Ltd.,IRCON,https://www.screener.in/company/IRCON/
ITC Hotels Ltd.,ITCHOTELS,https://www.screener.in/company/ITCHOTELS/
ITC Ltd.,ITC,https://www.screener.in/company/ITC/
ITI Ltd.,ITI,https://www.screener.in/company/ITI/
Indegene Ltd.,INDGN,https://www.screener.in/company/INDGN/
India Cements Ltd.,INDIACEM,https://www.screener.in/company/INDIACEM/
Indiamart Intermesh Ltd.,INDIAMART,https://www.screener.in/company/INDIAMART/
Indian Bank,INDIANB,https://www.screener.in/company/INDIANB/
Indian Energy Exchange Ltd.,IEX,https://www.screener.in/company/IEX/
Indian Hotels Co. Ltd.,INDHOTEL,https://www.screener.in/company/INDHOTEL/
Indian Oil Corporation Ltd.,IOC,https://www.screener.in/company/IOC/
Indian Overseas Bank,IOB,https://www.screener.in/company/IOB/
Indian Railway Catering And Tourism Corporation Ltd.,IRCTC,https://www.screener.in/company/IRCTC/
Indian Railway Finance Corporation Ltd.,IRFC,https://www.screener.in/company/IRFC/
Indian Renewable Energy Development Agency Ltd.,IREDA,https://www.screener.in/company/IREDA/
Indraprastha Gas Ltd.,IGL,https://www.screener.in/company/IGL/
Indus Towers Ltd.,INDUSTOWER,https://www.screener.in/company/INDUSTOWER/
IndusInd Bank Ltd.,INDUSINDBK,https://www.screener.in/company/INDUSINDBK/
Info Edge (India) Ltd.,NAUKRI,https://www.screener.in/company/NAUKRI/
Infosys Ltd.,INFY,https://www.screener.in/company/INFY/
Inox Wind Ltd.,INOXWIND,https://www.screener.in/company/INOXWIND/
Intellect Design Arena Ltd.,INTELLECT,https://www.screener.in/company/INTELLECT/
InterGlobe Aviation Ltd.,INDIGO,https://www.screener.in/company/INDIGO/
International Gemological Institute Ltd.,IGIL,https://www.screener.in/company/IGIL/
Inventurus Knowledge Solutions Ltd.,IKS,https://www.screener.in/company/IKS/
Ipca Laboratories Ltd.,IPCALAB,https://www.screener.in/company/IPCALAB/
J.B. Chemicals & Pharmaceuticals Ltd.,JBCHEPHARM,https://www.screener.in/company/JBCHEPHARM/
J.K. Cement Ltd.,JKCEMENT,https://www.screener.in/company/JKCEMENT/
JBM Auto Ltd.,JBMA,https://www.screener.in/company/JBMA/
JK Tyre & Industries Ltd.,JKTYRE,https://www.screener.in/company/JKTYRE/
JM Financial Ltd.,JMFINANCIL,https://www.screener.in/company/JMFINANCIL/
JSW Cement Ltd.,JSWCEMENT,https://www.screener.in/company/JSWCEMENT/
JSW Dulux Ltd.,JSWDULUX,https://www.screener.in/company/JSWDULUX/
JSW Energy Ltd.,JSWENERGY,https://www.screener.in/company/JSWENERGY/
JSW Infrastructure Ltd.,JSWINFRA,https://www.screener.in/company/JSWINFRA/
JSW Steel Ltd.,JSWSTEEL,https://www.screener.in/company/JSWSTEEL/
Jain Resource Recycling Ltd.,JAINREC,https://www.screener.in/company/JAINREC/
Jaiprakash Power Ventures Ltd.,JPPOWER,https://www.screener.in/company/JPPOWER/
Jammu & Kashmir Bank Ltd.,J&KBANK,https://www.screener.in/company/J&KBANK/
Jindal Saw Ltd.,JINDALSAW,https://www.screener.in/company/JINDALSAW/
Jindal Stainless Ltd.,JSL,https://www.screener.in/company/JSL/
Jindal Steel Ltd.,JINDALSTEL,https://www.screener.in/company/JINDALSTEL/
Jio Financial Services Ltd.,JIOFIN,https://www.screener.in/company/JIOFIN/
Jubilant Foodworks Ltd.,JUBLFOOD,https://www.screener.in/company/JUBLFOOD/
Jubilant Ingrevia Ltd.,JUBLINGREA,https://www.screener.in/company/JUBLINGREA/
Jubilant Pharmova Ltd.,JUBLPHARMA,https://www.screener.in/company/JUBLPHARMA/
Jupiter Wagons Ltd.,JWL,https://www.screener.in/company/JWL/
Jyoti CNC Automation Ltd.,JYOTICNC,https://www.screener.in/company/JYOTICNC/
K.P.R. Mill Ltd.,KPRMILL,https://www.screener.in/company/KPRMILL/
KEI Industries Ltd.,KEI,https://www.screener.in/company/KEI/
KPIT Technologies Ltd.,KPITTECH,https://www.screener.in/company/KPITTECH/
Kajaria Ceramics Ltd.,KAJARIACER,https://www.screener.in/company/KAJARIACER/
Kalpataru Projects International Ltd.,KPIL,https://www.screener.in/company/KPIL/
Kalyan Jewellers India Ltd.,KALYANKJIL,https://www.screener.in/company/KALYANKJIL/
Karur Vysya Bank Ltd.,KARURVYSYA,https://www.screener.in/company/KARURVYSYA/
Kaynes Technology India Ltd.,KAYNES,https://www.screener.in/company/KAYNES/
Kec International Ltd.,KEC,https://www.screener.in/company/KEC/
Kfin Technologies Ltd.,KFINTECH,https://www.screener.in/company/KFINTECH/
Kirloskar Oil Eng Ltd.,KIRLOSENG,https://www.screener.in/company/KIRLOSENG/
Kotak Mahindra Bank Ltd.,KOTAKBANK,https://www.screener.in/company/KOTAKBANK/
Krishna Institute of Medical Sciences Ltd.,KIMS,https://www.screener.in/company/KIMS/
L&T Finance Ltd.,LTF,https://www.screener.in/company/LTF/
L&T Technology Services Ltd.,LTTS,https://www.screener.in/company/LTTS/
LG Electronics India Ltd.,LGEINDIA,https://www.screener.in/company/LGEINDIA/
LIC Housing Finance Ltd.,LICHSGFIN,https://www.screener.in/company/LICHSGFIN/
LT Foods Ltd.,LTFOODS,https://www.screener.in/company/LTFOODS/
LTM Ltd.,LTM,https://www.screener.in/company/LTM/
Larsen & Toubro Ltd.,LT,https://www.screener.in/company/LT/
Latent View Analytics Ltd.,LATENTVIEW,https://www.screener.in/company/LATENTVIEW/
Laurus Labs Ltd.,LAURUSLABS,https://www.screener.in/company/LAURUSLABS/
Leela Palaces Hotels & Resorts Ltd.,THELEELA,https://www.screener.in/company/THELEELA/
Lemon Tree Hotels Ltd.,LEMONTREE,https://www.screener.in/company/LEMONTREE/
Lenskart Solutions Ltd.,LENSKART,https://www.screener.in/company/LENSKART/
Life Insurance Corporation of India,LICI,https://www.screener.in/company/LICI/
Linde India Ltd.,LINDEINDIA,https://www.screener.in/company/LINDEINDIA/
Lloyds Metals And Energy Ltd.,LLOYDSME,https://www.screener.in/company/LLOYDSME/
Lodha Developers Ltd.,LODHA,https://www.screener.in/company/LODHA/
Lupin Ltd.,LUPIN,https://www.screener.in/company/LUPIN/
MMTC Ltd.,MMTC,https://www.screener.in/company/MMTC/
MRF Ltd.,MRF,https://www.screener.in/company/MRF/
Mahanagar Gas Ltd.,MGL,https://www.screener.in/company/MGL/
Mahindra & Mahindra Financial Services Ltd.,M&MFIN,https://www.screener.in/company/M&MFIN/
Mahindra & Mahindra Ltd.,M&M,https://www.screener.in/company/M&M/
Manappuram Finance Ltd.,MANAPPURAM,https://www.screener.in/company/MANAPPURAM/
Mangalore Refinery & Petrochemicals Ltd.,MRPL,https://www.screener.in/company/MRPL/
Mankind Pharma Ltd.,MANKIND,https://www.screener.in/company/MANKIND/
Marico Ltd.,MARICO,https://www.screener.in/company/MARICO/
Maruti Suzuki India Ltd.,MARUTI,https://www.screener.in/company/MARUTI/
Max Financial Services Ltd.,MFSL,https://www.screener.in/company/MFSL/
Max Healthcare Institute Ltd.,MAXHEALTH,https://www.screener.in/company/MAXHEALTH/
Mazagoan Dock Shipbuilders Ltd.,MAZDOCK,https://www.screener.in/company/MAZDOCK/
Meesho Ltd.,MEESHO,https://www.screener.in/company/MEESHO/
Minda Corporation Ltd.,MINDACORP,https://www.screener.in/company/MINDACORP/
Motherson Sumi Wiring India Ltd.,MSUMI,https://www.screener.in/company/MSUMI/
Motilal Oswal Financial Services Ltd.,MOTILALOFS,https://www.screener.in/company/MOTILALOFS/
MphasiS Ltd.,MPHASIS,https://www.screener.in/company/MPHASIS/
Multi Commodity Exchange of India Ltd.,MCX,https://www.screener.in/company/MCX/
Muthoot Finance Ltd.,MUTHOOTFIN,https://www.screener.in/company/MUTHOOTFIN/
NATCO Pharma Ltd.,NATCOPHARM,https://www.screener.in/company/NATCOPHARM/
NBCC (India) Ltd.,NBCC,https://www.screener.in/company/NBCC/
NCC Ltd.,NCC,https://www.screener.in/company/NCC/
NHPC Ltd.,NHPC,https://www.screener.in/company/NHPC/
NLC India Ltd.,NLCINDIA,https://www.screener.in/company/NLCINDIA/
NMDC Ltd.,NMDC,https://www.screener.in/company/NMDC/
NMDC Steel Ltd.,NSLNISP,https://www.screener.in/company/NSLNISP/
NTPC Green Energy Ltd.,NTPCGREEN,https://www.screener.in/company/NTPCGREEN/
NTPC Ltd.,NTPC,https://www.screener.in/company/NTPC/
Narayana Hrudayalaya Ltd.,NH,https://www.screener.in/company/NH/
National Aluminium Co. Ltd.,NATIONALUM,https://www.screener.in/company/NATIONALUM/
Nava Ltd.,NAVA,https://www.screener.in/company/NAVA/
Navin Fluorine International Ltd.,NAVINFLUOR,https://www.screener.in/company/NAVINFLUOR/
Nestle India Ltd.,NESTLEIND,https://www.screener.in/company/NESTLEIND/
Netweb Technologies India Ltd.,NETWEB,https://www.screener.in/company/NETWEB/
Neuland Laboratories Ltd.,NEULANDLAB,https://www.screener.in/company/NEULANDLAB/
Newgen Software Technologies Ltd.,NEWGEN,https://www.screener.in/company/NEWGEN/
Nippon Life India Asset Management Ltd.,NAM-INDIA,https://www.screener.in/company/NAM-INDIA/
Niva Bupa Health Insurance Company Ltd.,NIVABUPA,https://www.screener.in/company/NIVABUPA/
Nuvama Wealth Management Ltd.,NUVAMA,https://www.screener.in/company/NUVAMA/
Nuvoco Vistas Corporation Ltd.,NUVOCO,https://www.screener.in/company/NUVOCO/
Oberoi Realty Ltd.,OBEROIRLTY,https://www.screener.in/company/OBEROIRLTY/
Oil & Natural Gas Corporation Ltd.,ONGC,https://www.screener.in/company/ONGC/
Oil India Ltd.,OIL,https://www.screener.in/company/OIL/
Ola Electric Mobility Ltd.,OLAELEC,https://www.screener.in/company/OLAELEC/
Olectra Greentech Ltd.,OLECTRA,https://www.screener.in/company/OLECTRA/
One 97 Communications Ltd.,PAYTM,https://www.screener.in/company/PAYTM/
Onesource Specialty Pharma Ltd.,ONESOURCE,https://www.screener.in/company/ONESOURCE/
Oracle Financial Services Software Ltd.,OFSS,https://www.screener.in/company/OFSS/
PB Fintech Ltd.,POLICYBZR,https://www.screener.in/company/POLICYBZR/
PCBL Chemical Ltd.,PCBL,https://www.screener.in/company/PCBL/
PG Electroplast Ltd.,PGEL,https://www.screener.in/company/PGEL/
PI Industries Ltd.,PIIND,https://www.screener.in/company/PIIND/
PNB Housing Finance Ltd.,PNBHOUSING,https://www.screener.in/company/PNBHOUSING/
PTC Industries Ltd.,PTCIL,https://www.screener.in/company/PTCIL/
PVR INOX Ltd.,PVRINOX,https://www.screener.in/company/PVRINOX/
Page Industries Ltd.,PAGEIND,https://www.screener.in/company/PAGEIND/
Paradeep Phosphates Ltd.,PARADEEP,https://www.screener.in/company/PARADEEP/
Patanjali Foods Ltd.,PATANJALI,https://www.screener.in/company/PATANJALI/
Persistent Systems Ltd.,PERSISTENT,https://www.screener.in/company/PERSISTENT/
Petronet LNG Ltd.,PETRONET,https://www.screener.in/company/PETRONET/
Pfizer Ltd.,PFIZER,https://www.screener.in/company/PFIZER/
Phoenix Mills Ltd.,PHOENIXLTD,https://www.screener.in/company/PHOENIXLTD/
Physicswallah Ltd.,PWL,https://www.screener.in/company/PWL/
Pidilite Industries Ltd.,PIDILITIND,https://www.screener.in/company/PIDILITIND/
Pine Labs Ltd.,PINELABS,https://www.screener.in/company/PINELABS/
Piramal Finance Ltd.,PIRAMALFIN,https://www.screener.in/company/PIRAMALFIN/
Piramal Pharma Ltd.,PPLPHARMA,https://www.screener.in/company/PPLPHARMA/
Poly Medicure Ltd.,POLYMED,https://www.screener.in/company/POLYMED/
Polycab India Ltd.,POLYCAB,https://www.screener.in/company/POLYCAB/
Poonawalla Fincorp Ltd.,POONAWALLA,https://www.screener.in/company/POONAWALLA/
Power Finance Corporation Ltd.,PFC,https://www.screener.in/company/PFC/
Power Grid Corporation of India Ltd.,POWERGRID,https://www.screener.in/company/POWERGRID/
Premier Energies Ltd.,PREMIERENE,https://www.screener.in/company/PREMIERENE/
Prestige Estates Projects Ltd.,PRESTIGE,https://www.screener.in/company/PRESTIGE/
Punjab National Bank,PNB,https://www.screener.in/company/PNB/
R R Kabel Ltd.,RRKABEL,https://www.screener.in/company/RRKABEL/
RBL Bank Ltd.,RBLBANK,https://www.screener.in/company/RBLBANK/
REC Ltd.,RECLTD,https://www.screener.in/company/RECLTD/
RHI MAGNESITA INDIA LTD.,RHIM,https://www.screener.in/company/RHIM/
RITES Ltd.,RITES,https://www.screener.in/company/RITES/
Radico Khaitan Ltd,RADICO,https://www.screener.in/company/RADICO/
Rail Vikas Nigam Ltd.,RVNL,https://www.screener.in/company/RVNL/
Railtel Corporation Of India Ltd.,RAILTEL,https://www.screener.in/company/RAILTEL/
Rainbow Childrens Medicare Ltd.,RAINBOW,https://www.screener.in/company/RAINBOW/
Ramkrishna Forgings Ltd.,RKFORGE,https://www.screener.in/company/RKFORGE/
Redington Ltd.,REDINGTON,https://www.screener.in/company/REDINGTON/
Reliance Industries Ltd.,RELIANCE,https://www.screener.in/company/RELIANCE/
Reliance Power Ltd.,RPOWER,https://www.screener.in/company/RPOWER/
SBFC Finance Ltd.,SBFC,https://www.screener.in/company/SBFC/
SBI Cards and Payment Services Ltd.,SBICARD,https://www.screener.in/company/SBICARD/
SBI Life Insurance Company Ltd.,SBILIFE,https://www.screener.in/company/SBILIFE/
SJVN Ltd.,SJVN,https://www.screener.in/company/SJVN/
SRF Ltd.,SRF,https://www.screener.in/company/SRF/
Sagility Ltd.,SAGILITY,https://www.screener.in/company/SAGILITY/
Sai Life Sciences Ltd.,SAILIFE,https://www.screener.in/company/SAILIFE/
Sammaan Capital Ltd.,SAMMAANCAP,https://www.screener.in/company/SAMMAANCAP/
Samvardhana Motherson International Ltd.,MOTHERSON,https://www.screener.in/company/MOTHERSON/
Sapphire Foods India Ltd.,SAPPHIRE,https://www.screener.in/company/SAPPHIRE/
Sarda Energy and Minerals Ltd.,SARDAEN,https://www.screener.in/company/SARDAEN/
Saregama India Ltd,SAREGAMA,https://www.screener.in/company/SAREGAMA/
Schaeffler India Ltd.,SCHAEFFLER,https://www.screener.in/company/SCHAEFFLER/
Schneider Electric Infrastructure Ltd.,SCHNEIDER,https://www.screener.in/company/SCHNEIDER/
Shipping Corporation of India Ltd.,SCI,https://www.screener.in/company/SCI/
Shree Cement Ltd.,SHREECEM,https://www.screener.in/company/SHREECEM/
Shriram Finance Ltd.,SHRIRAMFIN,https://www.screener.in/company/SHRIRAMFIN/
Shyam Metalics and Energy Ltd.,SHYAMMETL,https://www.screener.in/company/SHYAMMETL/
Siemens Energy India Ltd.,ENRIN,https://www.screener.in/company/ENRIN/
Siemens Ltd.,SIEMENS,https://www.screener.in/company/SIEMENS/
Signatureglobal (India) Ltd.,SIGNATURE,https://www.screener.in/company/SIGNATURE/
Sobha Ltd.,SOBHA,https://www.screener.in/company/SOBHA/
Solar Industries India Ltd.,SOLARINDS,https://www.screener.in/company/SOLARINDS/
Sona BLW Precision Forgings Ltd.,SONACOMS,https://www.screener.in/company/SONACOMS/
Sonata Software Ltd.,SONATSOFTW,https://www.screener.in/company/SONATSOFTW/
Star Health and Allied Insurance Company Ltd.,STARHEALTH,https://www.screener.in/company/STARHEALTH/
State Bank of India,SBIN,https://www.screener.in/company/SBIN/
Steel Authority of India Ltd.,SAIL,https://www.screener.in/company/SAIL/
Sumitomo Chemical India Ltd.,SUMICHEM,https://www.screener.in/company/SUMICHEM/
Sun Pharmaceutical Industries Ltd.,SUNPHARMA,https://www.screener.in/company/SUNPHARMA/
Sun TV Network Ltd.,SUNTV,https://www.screener.in/company/SUNTV/
Sundaram Finance Ltd.,SUNDARMFIN,https://www.screener.in/company/SUNDARMFIN/
Supreme Industries Ltd.,SUPREMEIND,https://www.screener.in/company/SUPREMEIND/
Supreme Petrochem Ltd.,SPLPETRO,https://www.screener.in/company/SPLPETRO/
Suzlon Energy Ltd.,SUZLON,https://www.screener.in/company/SUZLON/
Swan Corp Ltd.,SWANCORP,https://www.screener.in/company/SWANCORP/
Swiggy Ltd.,SWIGGY,https://www.screener.in/company/SWIGGY/
Syngene International Ltd.,SYNGENE,https://www.screener.in/company/SYNGENE/
Syrma SGS Technology Ltd.,SYRMA,https://www.screener.in/company/SYRMA/
TBO Tek Ltd.,TBOTEK,https://www.screener.in/company/TBOTEK/
TVS Motor Company Ltd.,TVSMOTOR,https://www.screener.in/company/TVSMOTOR/
Tata Capital Ltd.,TATACAP,https://www.screener.in/company/TATACAP/
Tata Chemicals Ltd.,TATACHEM,https://www.screener.in/company/TATACHEM/
Tata Communications Ltd.,TATACOMM,https://www.screener.in/company/TATACOMM/
Tata Consultancy Services Ltd.,TCS,https://www.screener.in/company/TCS/
Tata Consumer Products Ltd.,TATACONSUM,https://www.screener.in/company/TATACONSUM/
Tata Elxsi Ltd.,TATAELXSI,https://www.screener.in/company/TATAELXSI/
Tata Investment Corporation Ltd.,TATAINVEST,https://www.screener.in/company/TATAINVEST/
Tata Motors Ltd.,TMCV,https://www.screener.in/company/TMCV/
Tata Motors Passenger Vehicles Ltd.,TMPV,https://www.screener.in/company/TMPV/
Tata Power Co. Ltd.,TATAPOWER,https://www.screener.in/company/TATAPOWER/
Tata Steel Ltd.,TATASTEEL,https://www.screener.in/company/TATASTEEL/
Tata Technologies Ltd.,TATATECH,https://www.screener.in/company/TATATECH/
Tata Teleservices (Maharashtra) Ltd.,TTML,https://www.screener.in/company/TTML/
Tech Mahindra Ltd.,TECHM,https://www.screener.in/company/TECHM/
Techno Electric & Engineering Company Ltd.,TECHNOE,https://www.screener.in/company/TECHNOE/
Tega Industries Ltd.,TEGA,https://www.screener.in/company/TEGA/
Tejas Networks Ltd.,TEJASNET,https://www.screener.in/company/TEJASNET/
Tenneco Clean Air India Ltd.,TENNIND,https://www.screener.in/company/TENNIND/
The New India Assurance Company Ltd.,NIACL,https://www.screener.in/company/NIACL/
The Ramco Cements Ltd.,RAMCOCEM,https://www.screener.in/company/RAMCOCEM/
Thermax Ltd.,THERMAX,https://www.screener.in/company/THERMAX/
Timken India Ltd.,TIMKEN,https://www.screener.in/company/TIMKEN/
Titagarh Rail Systems Ltd.,TITAGARH,https://www.screener.in/company/TITAGARH/
Titan Company Ltd.,TITAN,https://www.screener.in/company/TITAN/
Torrent Pharmaceuticals Ltd.,TORNTPHARM,https://www.screener.in/company/TORNTPHARM/
Torrent Power Ltd.,TORNTPOWER,https://www.screener.in/company/TORNTPOWER/
Transformers And Rectifiers (India) Ltd.,TARIL,https://www.screener.in/company/TARIL/
Travel Food Services Ltd.,TRAVELFOOD,https://www.screener.in/company/TRAVELFOOD/
Trent Ltd.,TRENT,https://www.screener.in/company/TRENT/
Trident Ltd.,TRIDENT,https://www.screener.in/company/TRIDENT/
Triveni Turbine Ltd.,TRITURBINE,https://www.screener.in/company/TRITURBINE/
Tube Investments of India Ltd.,TIINDIA,https://www.screener.in/company/TIINDIA/
UCO Bank,UCOBANK,https://www.screener.in/company/UCOBANK/
UNO Minda Ltd.,UNOMINDA,https://www.screener.in/company/UNOMINDA/
UPL Ltd.,UPL,https://www.screener.in/company/UPL/
UTI Asset Management Company Ltd.,UTIAMC,https://www.screener.in/company/UTIAMC/
UltraTech Cement Ltd.,ULTRACEMCO,https://www.screener.in/company/ULTRACEMCO/
Union Bank of India,UNIONBANK,https://www.screener.in/company/UNIONBANK/
United Breweries Ltd.,UBL,https://www.screener.in/company/UBL/
United Spirits Ltd.,UNITDSPR,https://www.screener.in/company/UNITDSPR/
Urban Company Ltd.,URBANCO,https://www.screener.in/company/URBANCO/
Usha Martin Ltd.,USHAMART,https://www.screener.in/company/USHAMART/
Vardhman Textiles Ltd.,VTL,https://www.screener.in/company/VTL/
Varun Beverages Ltd.,VBL,https://www.screener.in/company/VBL/
Vedanta Ltd.,VEDL,https://www.screener.in/company/VEDL/
Vijaya Diagnostic Centre Ltd.,VIJAYA,https://www.screener.in/company/VIJAYA/
Vishal Mega Mart Ltd.,VMM,https://www.screener.in/company/VMM/
Vodafone Idea Ltd.,IDEA,https://www.screener.in/company/IDEA/
Voltas Ltd.,VOLTAS,https://www.screener.in/company/VOLTAS/
Waaree Energies Ltd.,WAAREEENER,https://www.screener.in/company/WAAREEENER/
Welspun Corp Ltd.,WELCORP,https://www.screener.in/company/WELCORP/
Welspun Living Ltd.,WELSPUNLIV,https://www.screener.in/company/WELSPUNLIV/
Whirlpool of India Ltd.,WHIRLPOOL,https://www.screener.in/company/WHIRLPOOL/
Wipro Ltd.,WIPRO,https://www.screener.in/company/WIPRO/
Wockhardt Ltd.,WOCKPHARMA,https://www.screener.in/company/WOCKPHARMA/
Yes Bank Ltd.,YESBANK,https://www.screener.in/company/YESBANK/
ZF Commercial Vehicle Control Systems India Ltd.,ZFCVINDIA,https://www.screener.in/company/ZFCVINDIA/
Zee Entertainment Enterprises Ltd.,ZEEL,https://www.screener.in/company/ZEEL/
Zen Technologies Ltd.,ZENTEC,https://www.screener.in/company/ZENTEC/
Zensar Technolgies Ltd.,ZENSARTECH,https://www.screener.in/company/ZENSARTECH/
Zydus Lifesciences Ltd.,ZYDUSLIFE,https://www.screener.in/company/ZYDUSLIFE/
Zydus Wellness Ltd.,ZYDUSWELL,https://www.screener.in/company/ZYDUSWELL/
eClerx Services Ltd.,ECLERX,https://www.screener.in/company/ECLERX/
